<?xml version="1.0" encoding="UTF-8"?>
<continents>
    <europe>
        <slovakia>
            <capital>
                Bratislava
            </capital>
            <population>
                421000
            </population>
        </slovakia>
        <hungary>
            <capital>
                Budapest
            </capital>
            <population>
                1759000
            </population>
        </hungary>
        <poland>
            <capital>
                Warsaw
            </capital>
            <population>
                1735000
            </population>
        </poland>
    </europe>
    <asia>
        <china>
            <capital>
                Beijing
            </capital>
            <population>
                21700000
            </population>
        </china>

        <vietnam>
            <capital>
                Hanoi
            </capital>
            <population>
                7500000
            </population>
        </vietnam>
    </asia>
</continents>